url,doc_id,title,audience,department,category,language,document_version,license_or_permission
https://ussh.vnu.edu.vn/vi/gioi-thieu/ba-cong-khai/bao-cao-lo-trinh-thu-hoc-phi-cac-he-nam-hoc-2026-2027-19718.html
https://www.utt.edu.vn/vn/daotao/thong-bao/thong-bao-muc-thu-hoc-phi-nam-hoc-2026-2027-a17279.html
https://hvtc.edu.vn/TB-Ve-viec-thu-hoc-phi-hoc-lai-hoc-cai-thien-diem-hoc-bu-Hoc-ky-phu-nam-hoc-2025--2026-doi-voi-sinh-vien-cac-he-dao-tao-_34041.html
https://pkhtc.hcmuaf.edu.vn/pkhtc-44365-1/vn/thong-bao-muc-thu-hoc-phi-hoc-ky-1-nam-hoc-2026-2027.html
https://www.pnt.edu.vn/vi/thong-bao/thong-bao-ve-hoc-phi-va-cac-khoan-phi-le-phi-he-dao-tao-dai-hoc-nam-hoc-2025-2026
https://giaovu.ptit.edu.vn/hoc-bong-chinh-sach/hoc-phi/
https://phongkhtc.ntu.edu.vn/tin-tuc/quy-dinh-moi-nhat-ve-muc-hoc-phi-tu-nam-hoc-2025---2026https://ussh.vnu.edu.vn/vi/gioi-thieu/ba-cong-khai/bao-cao-lo-trinh-thu-hoc-phi-cac-he-nam-hoc-2026-2027-19718.html
https://www.utt.edu.vn/vn/daotao/thong-bao/thong-bao-muc-thu-hoc-phi-nam-hoc-2026-2027-a17279.html
https://hvtc.edu.vn/TB-Ve-viec-thu-hoc-phi-hoc-lai-hoc-cai-thien-diem-hoc-bu-Hoc-ky-phu-nam-hoc-2025--2026-doi-voi-sinh-vien-cac-he-dao-tao-_34041.html
https://pkhtc.hcmuaf.edu.vn/pkhtc-44365-1/vn/thong-bao-muc-thu-hoc-phi-hoc-ky-1-nam-hoc-2026-2027.html
https://www.pnt.edu.vn/vi/thong-bao/thong-bao-ve-hoc-phi-va-cac-khoan-phi-le-phi-he-dao-tao-dai-hoc-nam-hoc-2025-2026
https://giaovu.ptit.edu.vn/hoc-bong-chinh-sach/hoc-phi/
https://phongkhtc.ntu.edu.vn/tin-tuc/quy-dinh-moi-nhat-ve-muc-hoc-phi-tu-nam-hoc-2025---2026